"id","spans","cashtag","sentiment score"
"709723193125175300","consumers keep cautious stance","$COST","0.1100569794"
"719529094652698600","Close $CTRP @46.16 from 43.55 entry +6% +6%","$CTRP","0.1834584648"
"39048670","Every Reason to Be Bullish","$INTC","0.1865869747"
"37048093","$PANW need anoth $1 to all time high","$PANW","0.0980079733"
"6207860","Long setup","$JRCC","0.3293194654"
"719911771625140200","will be a solid long term investmen #passive Also added $SBUX today  #Income","$SBUX","0.2371261132"
"719571433307955200","recall","$TSLA","0.0921265965"
"711874651043926000","Marriott wins new Starwood deal by raising cash portion of bid","$MAR","0.1901393405"
"719559500852662300","Time To Embrace Dividend Growth","$ABBV","0.2320107248"
"709737853639663600","Bullshit! All #AppleStores are EMPTY in #China $MS must be preparing to liquidate $AAPL","$MS","0.1014588954"
"30084443","5-star analyst Robert Derrington from Wunderlich reiterated a BUY","$BJRI","0.1676537187"
"711948847971307500","Excited big +value Hoping","$AAPL","0.2482856249"
"710211237058093000","Oil To Break Out Adding Chevron","$MCD","0.3654723983"
"709777793798656000","Unusual Call Activity","$GWPH","0.2848289656"
"719917003033681900","China's Tourist Bonanza Isn't Going Anywhere","$QUNR","0.1072220775"
"39047884","0.15","$ESI","0.1277362049"
"719590251891658800","not guaranteed","$TSLA","0.0994126111"
"32349177","Potential continuation Uptrend","$HYG","0.1893205808"
"5933426","longed","$AMZN","0.15223716"
"17892972","absolute garbage still up stores TOTALLY EMPTY stock mispriced","$MW","0.0651357527"
"22409313","Buy the dip'","$MSTX","0.2518710559"
"719895099300139000","weakest in todays DT watchlist","$TSLA","0.2455112378"
"719533378698100700","We See More Reasons To Be Cautious","$FB","0.1301785986"
"11685342","breaking out","$DARA","0.1116482508"
"38563467","$BBRY smack down looks legitimate $GS $MS are playing ignorant","$GS","0.0631640729"
"8472562","in for swing trade looks like want go up","$BAC","0.2321087817"
"719796218071621600","","$AMZN","0.1642675229"
"5866181","add short","$SPY","0.0666683337"
"26553639","Nice..","$DVAX","0.1521389747"
"719571926285312000","Verified $98.95 loss in $ENDP trades","$ENDP","0.1257142022"
"5453104","Loving the volume","$VMW","0.320034365"
"708381004180795400","hod buyers stepped in","$FB","0.2041917657"
"5960481","Clearing back above 50 day next buy / add area when clears this upper trend line on volume","$BIDU","0.198077528"
"709780511200317400","eems to be respecting channel","$COST","0.1609427985"
"708355634857529300","Sector Stocks Leading Today","$CPGX","0.2973630877"
"709741154393133000","overbought","$INTC","-0.0167392644"
"719515248571473900","Now look at $FB live video rollout Tough space.","$FB","0.063213089"
"29666346","kodak could pick it up before Christmas to write it off in their taxes","$UNXL","0.162638069"
"15981627","they'll whip it back down","$AAPL","0.075501854"
"719573068864032800","plus its Irish based  getting rid of its generic biz","$ENDP","0.16416602"
"5379023","Over 30.37","$VPRT","0.2384840812"
"24697241","Got sell signal 7/1/14 still in force with target below 1.50","$AMRN","0.1572828848"
"5853626","buy not the end of the world","$GOOG","0.168448554"
"34103560","Future is bright","$PLUG","0.1731232722"
"29364798","bulls be careful","$BBRY","0.1589613963"
"15349675","in at 577 added at 576 after p/b","$KGC","0.2720608685"
"710475186353475600","may be ripe for a #takeover targe","$TWTR","0.269044254"
"719732320404709400","TOP 5 STOCK PICKS","$OGS","0.3094965465"
"35980487","Tomorrow morning will likely open north","$AAPL","0.0730673774"
"710863854381563900","Unusual Call Activity","$HYG","0.2848289656"
"719493174167625700","Iraq Boosts Oil Production to Record","$USO","0.1604913758"
"7867073","Failed breakouts & failed setups Limping on crutches into next week","$AAPL","-0.0171149387"
"8562689","take-over interest","$RA","0.1961010789"
"719538296204959700","$ENDP shares rattled","$INSY","0.1640604514"
"719498634803458000","Buy CSX to Ride the Railroads","$CSX","0.2001768901"
"719524328363073500","out of $FB into $aapl","$FB","0.1539516227"
"27121711","downgrade before ER","$BBBY","0.0492949866"
"719881403970818000","good opportunity to BUY","$DB","0.2303995925"
"719507659741872100","$INSY lower","$INSY","-0.0112327596"
"719535506980266000","Nice day rally!","$JPM","0.327202203"
"719881985909350400","popping up to HOD","$FB","0.2079310374"
"24458298","large players are selling","$CROX","0.0756320877"
"17782586","finally broke free from big brother's shadow?","$SCTY","0.1966734955"
"5497092","buy back shares","$AAPL","0.2545035337"
"38224737","Insider Trading: Clair St Unloaded 5,838 Shares","$NTRS","0.175268556"
"36006797","Files Lawsuit Against Verizon","$VZ","0.181236217"
"719571596462133200","looks to have a solid 2016 high-teens EPS growth","$GOOGL","0.222807847"
"709411365299982300","$FIT and $SUNE have not changed.","$SUNE","0.0848958329"
"719550842475393000","doubled the number","$SBUX","0.2467057897"
"23547862","that is a positive as top notch Investor DD can be trusted","$KNDI","0.2049341728"
"6178538","The Best Stocks for 2012","$MSFT","0.2931333601"
"719508310207111200","added new subscribers","$SIRI","0.2634790821"
"719535831040401400","Market seems like it's about to roll over here Look out below!","$NFLX","0.1006098602"
"30856626","Apple's category to win","$AAPL","0.1302398157"
"31132360","bullish story intact,evenif the market rolls over","$IMRS","0.1930109293"
"37935490","Continues to base as debate linger Downside limited","$ONTY","0.1228980529"
"719532032305573900","Our updated #core4 portfolio","$NFLX","0.2810706353"
"37892470","after this news, it has nothing left. Don't keep it anymor","$VNDA","0.2261557033"
"719614954500857900","Highest call to put ratio","$DISCA","0.2458534384"
"708410688230842400","top-rated","$PDCO","0.3002672322"
"17785769","Current holdings via options Long:","$GS","0.266313319"
"719551394798268400","Watchlist Top Stocks","$WM","0.305345447"
"11875799","could be testing $425 in days","$AAPL","0.1824771409"
"5514207","$BHP +3.04%","$BHP","0.2125028119"
"37450150","Time to stomp on some dreams.","$DIA","0.0684328441"
"719915914120921100","Sold all:","$DUST","-0.1245911687"
"9738169","arrg no go I am out of round #2","$EDU","0.087742083"
"8213941","short term fund/redemption liquidations","$AAPL","0.0780983516"
"719861575759372300","$FB down 7.5% from this #bearish pattern impressive bearish move","$FB","0.1270740525"
"31143613","Largest Online Gaming Market","$SNE","0.1998366261"
"709176395461750800","Would like to see upside break in channel this week","$GOOG","0.1954493341"
"5835477","European Debt once again Keeps Stocks Down","$EUR","0.0264858866"
"6445155","lookin 4 short opt here","$MFLX","0.0552446213"
"719726286227132400","Long on $FB","$FB","0.2917326848"
"5784142","still no real movement i'm on the sidelines","$AIS","0.1006127596"
"31518357","Another great day with millions in gain shorts get caught in the tall grass","$VXX","0.1900954469"
"5398884","moves up to my TR1 long watchlist.","$KBE","0.2317977154"
"8351517","a laggard Nothing to get excited about IMO is underperforming the market","$AAPL","0.1928885497"
"719905344957222900","Google, IBM, ARM And AMD Begin The Assault On Intel's Server Franchise","$GOOG","0.2662300406"
"719644552047362000","weak outlook","$NFLX","0.022773193"
"33623906","Will join Dow Jones this month'Replacing","$AAPL","0.196837675"
"719909604654624800","Most bullish stocks on Twitter during this dip","$VZ","0.30185455"
"719582832541179900","red","$TSLA","0.0006198672"
"719546315332546600","being accumulated all day","$MAR","0.1944500294"
"711113383341199400","ses warrants to buy $1.17B & 14.97% of AmerisourceBergen(PBR16) shares","$ABC","0.2251634621"
"719493174167625700","Iraq Boosts Oil Production to Record","$AAPL","0.1602826553"
"709834259687710700","Biggest Market Losers","$MNK","-0.057716062"
"719528163596873700","Added more $BBBY Still a very profitable merchant with profitable stores","$BBBY","0.2250146447"
"29289791","Stochastic Sell Signal","$IFF","0.0097010921"
"37312789","huge buy in all these names","$STLD","0.3602261011"
"36297090","Max Pain = 101.00","$GILD","0.1127254391"
"5422915","$OIL +2.76%","$OIL","0.2303018947"
"32728385","Everyone is buying calls EOD Friday","$AAPL","0.2047985189"
"709723193125175300","consumers keep cautious stance","$WMT","0.1127886207"
"11204903","but decent supt here-expect some upside","$SLV","0.2126619044"
"19607999","swing short","$AMZN","0.0683268346"
"709779449663721500","Short Setups Looking Nice....Really Nice","$FLT","-0.071178964"
"19388705","new 'large player sells'","$UL","0.0162815038"
"12800394","must be very exciting to have it","$BBRY","0.2074631228"
"5526621","Down On The Day, The Week, The Month, And The Year","$UUP","0.243334424"
"11983857","$aapl interesting that all these positive stories are coming out the past few day","$AAPL","0.2082879887"
"719644552047362000","Plunged","$VG","0.1496573769"
"7399381","Equity indexes working on a positive engulfing for March","$IWC","0.2517324841"
"20469877","Hope your not short","$BEAT","-0.0110737254"
"709723193125175300","consumers keep cautious stance","$HD","0.1127886207"
"12196849","with upcoming first support in a few days or weeks!","$TNA","0.2150679136"
"9416020","Earnings growth looks dim  current multiple high","$SPY","0.1784217502"
"9742736","Multi-year stock breakouts","$WMT","0.3576051972"
"710525327072583700","Timing is everything and the time is now for Canna Security America","$FB","0.1666788823"
"719587542337720300","could see a nice pop if bids come in higher than expected","$YHOO","0.1747433779"
"18567587","pushing highs","$AMCN","0.203941423"
"719525586863988700","turns back down in early trading","$FB","0.1339495905"
"5582309","Resuming advance into new historical highs","$HITK","0.1899545294"
"9358281","I am liking it for an upside break","$PPG","0.2177885293"
"5419254","Not So Pretty Longer Look","$SPX","0.0330146951"
"29685449","Oil slid to a four-year low after #OPEC kept its oil production unchange","$OIL","0.0558107615"
"708375808793026600","Flat week","$SPY","0.2481796901"
"22100916","eod run :)","$FB","0.1973035652"
"17454753","Long","$TSLA","0.3652697802"
"719530996681568300","Another Sell Rating","$FXE","-0.05774493"
"719562665081737200","AAPL could jump 50% partnering with Tsla","$TSLA","0.1463583669"
"709776718026768400","China February Retail Sales: E-Commerce Remains Resilient","$NKE","0.2444470675"
"719732320404709400","TOP 5 STOCK PICKS","$ROST","0.3094965465"
"18183440","LONG!!","$SIRI","0.2671008352"
"21026010","today's momentum movers","$CDTI","0.2379615786"
"709731726726193200","the most trending","$VRX","0.2401246618"
"719891468173844500","Looking for a strong bounce Lunchtime rally coming","$FB","0.3388965723"
"719599977480253400","Stocks Higher In Afternoon Trade","$WFC","0.2570694053"
"709787137881858000","Time to go long $AMZN?","$AMZN","0.2295980482"
"719888646241955800","First quarter is amazing","$AIG","0.253461253"
"37048093","$FTNT new high..","$FTNT","0.2800337581"
"719576182941958100","technology help users","$FB","0.1491341078"
"13152807","next resistance should be around","$AAPL","0.0835143174"
"719520260181909500","bulls defend","$TSLA","0.1950842473"
"719753696339472400","Has broken its downtrend","$AAPL","0.0878919799"
"719872154641244200","Slips on Downgrade","$SBUX","0.1346932245"
"709389876295110700","long","$BITA","0.3652697802"
"719849703106551800","Pie In The Sky","$CRM","0.2469975206"
"9162226","hottest part of tech $SBUX deal","$SBUX","0.19173438"
"5386257","Its a great company Needs buyers","$RIMM","0.1867654899"
"719515579372077000","Added long at friday close","$SPY","0.3389073575"
"22780978","$IEF bullish. $TLT too.","$TLT","0.1294847446"
"11238707","Back in the saddle again","$UVXY","0.1669357546"
"710158462253142000","if one is to go long, money rotating into large cap tech","$QQQ","0.2677943434"
"719616495962067000","Seeing Competition","$GOOGL","0.1156455641"
"719533378698100700","We See More Reasons To Be Cautious","$C","0.1301785986"
"8499556","up another .03 in AH it has a long way to go to find resistence","$ACAD","0.1868398234"
"38895736","3 Top Japan ETFs To Surge Higher In 2H","$QJPN","0.2728377864"
"709777793798656000","Unusual Call Activity","$WSM","0.2848289656"
"13024560","Ron Johnson tried, and failed, to inject a bit of Apple culture into JC Penney","$AAPL","0.0485445266"
"719506353421709300","A Premier Retail Dividend Play","$COST","0.2018854236"
"35257107","BlackBerry Messenger is second only to Facebook in user loyalty","$BB.CA","0.2043943014"
"8260657","up for sale!","$ARNA","0.2402352029"
"710827150266355700","nice fade from the bell","$ADBE","0.2438945694"
"39047349","Stochastic Overbought","$ASMB","-0.1048844656"
"709765994416365600","$WFM may feel price competition","$WFM","0.1726195928"
"719534447771697200","users on Vetr are bearish indicating a SELL Rating","$TSLA","0.16816879"
"709743356428025900","up 1%","$AAPL","0.1953689657"
"10602596","breakouts","$CHMT","0.2920254203"
"719571428060766200","RECALL","$TSLA","0.099751761"
"39047349","Stochastic Overbought","$ALR","-0.1048844656"
"719796218071621600","Sell Rating In Need Of Innovation","$AAPL","0.0847806373"
"10920221","buying opportunity","$BAC","0.2589366813"
"710142505493405700","will like $TSLA to the end","$TSLA","0.2140448219"
"14140852","Google Will Soon Start Selling Chromebooks At Walmart And Staples","$SPLS","0.1960156811"
"6267912","analysts have the martian orders way too high theyll never hit it!","$AAPL","0.212932331"
"709973585226571800","massive new $JD headquarters Not much slowdown to be detected","$JD","0.1524518981"
"5721348","Nice little cup-and-handle shaping up favours a good day for the index","$SPY","0.2501586074"
"719849703106551800","Pie In The Sky","$CHKP","0.2469975206"
"25571322","Inside week buy triggers","$DNKN","0.2998584216"
"5441240","stocks insiders are bullish on","$FAST","0.2810734774"
"9982140","moving up again","$VVUS","0.2658467903"
"708406053973659600","recessions declines","$TWTR","-0.0223081561"
"719693593066258400","Google dividend - 0%","$GOOG","0.2229754444"
"5614354","gets NASDAQ Delisting Notice board will quit diluting the shares","$MVIS","0.1271144713"
"32427089","Quality Stocks With High Cash Returns","$STX","0.2652758181"
"15946770","Is It Finally the Right Time to Invest in National Bank of Greece? $IRE","$IRE","0.1838249211"
"709431643363213300","Loves What It Sees","$TSLA","0.1643438069"
"719535209423593500","bounce & retreats Not short by any means","$YHOO","0.1416212682"
"14655289","still wants higher I think.","$SPY","0.1407668364"
"28061995","Crazy market up down up down up down","$PCLN","0.079508905"
"25571322","Inside week buy triggers","$LOCO","0.2998584216"
"7040295","insiders got this one wrong Looking for bottom Rsi under 30","$NIHD","0.1071200541"
"24815315","good comeback","$IBB","0.2286938679"
"709411365299982300","$SH has got potential","$SH","0.1459353081"
"719891971360165900","eading for the 200DMA and certain doom","$SBUX","0.2246896783"
"710211237058093000","Oil To Break Out Adding Chevron","$AXP","0.3649028253"
"21024991","stopped out","$TSLA","0.1081476284"
"32349177","Potential continuation Uptrend","$HAL","0.1902510679"
"39048817","spikes its lows lower it will go","$NBG","0.1216402418"
"34122674","$amba down","$AMBA","-0.0806522579"
"719615643918577700","its a must buy","$AAPL","0.2266648232"
"21174505","$ADBE shorted, there was only 1% short float","$ADBE","0.1860206946"
"25032300","me gusta","$AAPL","0.1373396552"
"708399906990329900","Rally Friday! #new52weekhighs p over 31%","$ISRG","0.3958718552"
"719572285170933800","$TSLA in the news - not good","$TSLA","0.1823683759"
"32753195","delivering the goods again let's see if that can spill over in other chinese internet names","$BITA","0.2652410267"
"5806487","companies shld be worried about iCloud","$NFLX","-0.0168872131"
"13088382","","$GOOG","0.1619504364"
"719864087132442600","GevoÃ¢â‚¬â„¢s Alcohol to Jet Fuel Now Eligible to be Used for Commercial Flight","$DAL","0.1676861485"
"709758795648409600","$FB gone green on day","$FB","0.2021757954"
"7737263","$INCY +100","$INCY","0.1707419018"
"719493174167625700","Iraq Boosts Oil Production to Record","$UWTI","0.1552846574"
"19500150","expects earnings to maintain healthy growth in the year ahead The companyÃ¢â‚¬â„¢s share price gained","$F","0.1967378156"
"10413981","Sees Downside to $425","$AAPL","0.1191938621"
"719467784007192600","Citrix Systems Inc $CTXS Position Increased by Mizuho","$CTXS","0.2330207491"
"9999828","Nice buyable intraday dip right here","$FB","0.1596106142"
"719864087132442600","GevoÃ¢â‚¬â„¢s Alcohol to Jet Fuel Now Eligible to be Used for Commercial Flight","$SPY","0.1676861485"
"17610673","will lose at least $1B may not be profitable for another year or so after that","$MSFT","0.0678754864"
"5554666","waterfall ahead?","$GMCR","0.1028617489"
"710863854381563900","Unusual Call Activity","$VXX","0.2848289656"
"719535506980266000","Nice day rally!","$DIS","0.329514593"
"38563467","$BBRY smack down looks legitimate $GS $MS are playing ignorant","$BBRY","0.0656118512"
"5795737","13F Shows New Stakes in","$GD","0.3287054068"
"14756968","$AAPL had a big GROWING success for years","$AAPL","0.0596711213"
"708416296665399300","still have positive market bias Sharp Rally In Low-Quality Stocks Points To Ongoing Market Gains","$CSCO","0.2603014059"
"15928669","$FRS #Restaurants 24.75+9%","$FRS","0.1531437321"
"719661137411747800","cuts outlook down","$CSCO","-0.003857118"
"719519136318169100","cracking lower early $short #correction","$FB","0.038425486"
"17785769","Current holdings via options Long:","$V","0.265414848"
"719720776027353100","Biggest gainers today large caps","$STX","0.2952463063"
"710532117164232700","New MACD signal created on","$CTXS","0.2073782959"
"12799689","$AAPL cleary surpassed their BB","$AAPL","0.0857041662"
"8123917","broke descending channel","$AAPL","0.2083460507"
"709362616578154500","more complex challenges","$GOOG","0.1349547605"
"710822084579086300","Markets Back in Black for 2016","$SPY","0.2124503725"
"709834259687710700","Biggest Market Losers","$SID","-0.0632577642"
"12790708","Nice pop today Told ya we would be green","$NOK","0.1493253429"
"719873426136150000","Deutsche Bank Downgraded Starbucks Co","$SBUX","0.0960890177"
"719609967565803500","$AMS (Ahold) has 5%","$AMS","0.1770934956"
"8308437","Should rise again 2morrow","$KORS","0.1352715339"
"24504842","looking to add a gold miner and possibly lower pe tech name into close","$KGC","0.2713990222"
"37340646","sucker rallies down trend","$ZIOP","0.0859451563"
"719620962094870500","shares climb","$YHOO","0.3036486744"
"7177668","looks good for a few","$EZPW","0.2716563519"
"12732850","at pivot area on intraday chart","$AAPL","0.177229841"
"719811329922625500","diversifies risk best place in the world","$AMZN","0.2195311683"
"711712771675652100","I think this $TSLA bubble might go on for some time","$TSLA","0.1437205213"
"719634617465081900","private equity for Yahoo bid","$YHOO","0.2361691302"
"710211237058093000","Oil To Break Out Adding Chevron","$WMT","0.369662409"
"719937548668256300","s Anglo American jumps 9%","$AAL","0.1975350243"
"18038613","raises revenue forecast","$BRCM","0.1964712137"
"9393661","market has a lot of faith in the ECB","$SPY","0.1400535649"
"31143613","Largest Online Gaming Market","$MSFT","0.1996180113"
"719661137411747800","cuts outlook down","$JNPR","-0.003857118"
"8746240","a little pullback","$QCOR","0.1924361985"
"5512185","Possible target","$SSO","0.2258873756"
"30741682","short sighted sellers will be sorry soon","$HPJ","0.0683354815"
"38028268","$LPTH hot","$LPTH","0.1592406774"
"709483088603119600","likely to strongly benefit from #genetherapy","$BMRN","0.1968337291"
"6783339","Good to load up Be confident","$HGSI","0.2196811551"
"38793629","congrats to whoever bought under","$PVA","0.2298538693"
"719486879842902000","$FB has 20 times the advertisers of $TWTR","$FB","0.1836663214"
"719644552047362000","weak outlook","$YHOO","0.022773193"
"9182739","Tensions grow between China and Japan","$EWJ","0.1974091895"
"24504842","looking to add a gold miner and possibly lower pe tech name into close","$CSCO","0.2713990222"
"38240250","investment validates company","$PBMD","0.2106139972"
"719525463878557700","","$FB","0.1646176084"
"719556016749330400","Why is $tsla not available for shorting at this time? Same for $w?","$W","0.131051551"
"32427089","Quality Stocks With High Cash Returns","$DTV","0.2629677654"
"11149717","Broken Stock downside possibility I will initiate a new short position","$HLF","0.172128368"
"35559365","finally breaking under the 49 M.A no buybacks this week","$AAPL","0.1604172103"
"711910931937112000","$EROS gets clean bill of health after audit.","$EROS","0.1537051747"
"719923191058210800","shopping spree may continue!","$GILD","0.2461077848"
"710187873492983800","who won't pay anymore REAL risk","$HZNP","0.0013754875"
"709398139195641900","adding $expe and $pcln to the mix soon I already have $CTRP and $trip","$CTRP","0.3006147463"
"709765435546185700","Strong Buy","$NEIK","0.3887714916"
"13286015","EPS were Up 19% from the same quarter last year","$TXRH","0.183171782"
"710863854381563900","Unusual Call Activity","$BAC","0.2848289656"
"29679970","4-star analyst Scott Henry from Roth Capital reiterated a BUY","$CO","0.1897579959"
"39048791","I'm going in tomorrow evening :-)","$WYNN","0.1891479592"
"719884758520606700","$FB squeezing from one side ","$FB","0.1465908559"
"719534350509948900","sees #Apple at $150/share in a year (+36% from today)","$AAPL","0.1395477017"
"719725258480046100","Tomorrow might be a rare buy $tsla day","$TSLA","0.1992781586"
"6003051","In play tmrw","$BMO","0.284619225"
"27434594","In for 195 calls at .78","$SPY","0.224107882"
"710863854381563900","Unusual Call Activity","$EEM","0.2734475923"
"710130452808536000","CALLS were getting hot...today getting paid","$MSFT","0.2028731879"
"13277173","Still not breaking out","$PAY","0.1063372161"
"5514207","$FXI +2.93%","$FXI","0.2141977785"
"22167633","Facebook Is Trying To Get Into Payments","$FB","0.1968286482"
"25330712","I am excited about all these plays","$CSOD","0.1745677959"
"6206304","get in on the ground floor of $FIO","$FIO","0.2177612026"
"711956003999211500","91 now support","$BIB","0.1478511061"
"710849407844028400","reat comeback by $AMZN great comeback by $AMZN","$AMZN","0.1571404707"
"719529978308603900","new high for 2016","$NXPI","0.3194434021"
"6763560","still on track for $500","$AAPL","0.1689275541"
"10103332","if gaps down will probly open at  and get worse these puts were stupid cheap","$CAT","0.0751280182"
"709777793798656000","Unusual Call Activity","$RF","0.2845021879"
"719513471289860100","Daily Mail may own Yahoo!!","$YHOO","0.1941353127"
"710620435121971200","Top Stocks in 2015 are Ready to Lead Again in 2016","$NFLX","0.2694023438"
"29712507","not getting in oil is falling more","$HAL","0.1304320588"
"24229806","competing bids to emerge, and will permit the Board to explore other value-enhancing alternatives, all with the objective of maximizing","$APP","0.1842479752"
"27655637","the resurgence in stock price today might mean that the company may emerge stronger than ever","$GTAT","0.2094442107"
"719563779378438100","Supermarket Stocks Rally as Tesco Plans to Axe Non-core UK Assets","$SBRY","0.2960169757"
"719535349379285000","Long buying point","$FB","0.2797668046"
"26218325","bear raid","$PLUG","-0.0468523197"
"719519346557657100","#trading weak vs. $SPY & $QQQ","$SPY","0.0961141985"
"21368480","short","$MSFT","-0.1287511808"
"719500525914492900","Expects Strong Results","$AAPL","0.1622012988"
"7737263","$CALX +40","$CALX","0.1681850186"
"719532321855025200","One of the more obvious opportunities this year","$TSLA","0.2383631598"
"18249994","holding up relatively well compared to the broad market","$BAC","0.2823581934"
"23416197","i would rather be a buyer UGAZ at these levels then trying to sell","$HRL","0.2218258986"
"26943825","will go up much higher after this drop.","$VIPS","0.2085948201"
"719528681605959700","I dumped $PYPL and $PRLB","$PYPL","0.0308822431"
"7139227","the real deal here...HOLDING","$SPPI","0.1629963257"
"24458298","large players are selling","$INO","0.0756320877"
"719478441544925200","Yahoo extends bidding deadline as interest grows","$EURUSD","0.3047769579"
"29012822","Could offer support revisit to jump on long bus?","$FCX","0.2230162524"
"719523247604285400","NEW Positive Timing Signal","$SBUX","0.2340201716"
"14695795","will bring good news in time","$BBRY","0.1336155973"
"719597174946992100","Shareholders welcome Marriott-Starwood deal","$HOT","0.1997867931"
"711946103189426200","Big winner Long","$PYPL","0.2277510392"
"7284904","those short are holding their breath hoping for a miracle","$AAPL","0.0768053543"
"6135022","back in","$GS","0.2400291338"
"719535831040401400","Market seems like it's about to roll over here Look out below!","$SPY","0.1087425509"
"13028004","LED light bulb prices rise in Japan","$VECO","0.1401865376"
"12108658","over 100% upside left from here in next 6 mnths","$LNKD","0.2264360561"
"6148018","Bears Take a Clear Near Term Advantage","$SPY","0.0081886463"
"17025255","Topeka Capital Markets thinks so Is $FB a BUY?","$FB","0.1596764536"
"710863854381563900","Unusual Call Activity","$GS","0.2848289656"
"9346026","No one want to miss out on any great new patent new nxt wk","$AMRN","0.1942995671"
"719909604654624800","Most bullish stocks on Twitter during this dip","$SCTY","0.30185455"
"719575574101016600","loading $SPY and $AAPL puts think were toppy","$SPY","0.0177430425"
"709745040826966000","airlines battle for Cuba routes $AAL $LUV $SAVE $JBLU","$LUV","0.1485864283"
"719927267867103200","Pullback_Time","$TSLA","0.2071292554"
"13552568","another 30% on $BBRY 16 weekly puts","$BBRY","0.1389045535"
"5466785","red before the bell","$WYNN","0.0375367242"
"719945914270556200","$FB is taking the shine off $AAPL and $GOOG","$GOOG","0.1671275726"
"33296832","rally mode","$AAPL","0.2882520226"
"709779449663721500","Short Setups Looking Nice....Really Nice","$IVZ","-0.071178964"
"5703818","becoming such a disaster Better returns elsewhere","$AAPL","0.1184015793"
"10041230","entry idea coming out of a narrow intraday range with yesterdays high still above","$LYB","0.1776114141"
"719574026134237200","$AAPL killed former; killing latter","$AAPL","0.0882881269"
"5679790","best stock: $WTS +15%","$WTS","0.2160257713"
"5801762","Insider selling probably the reason","$TIBX","0.1897829096"
"13415559","Looking for $HMC stock to make new 2013 high","$HMC","0.1704520258"
"22410112","33.0% decreased bullish conversations","$GLUU","0.2500550235"
"719665168431456300","Breakout watch","$IPG","0.3170358337"
"708960045799759900","Insiders Are Selling","$F","-0.026209146"
"719528591168565200","strong weekly led to buy rec last week Daily RS improving","$STX","0.2818431459"
"719599233280512000","trails $MSFT $ORCL $GOOG $CRM $ADBE","$GOOG","0.1516332108"
"28127317","$CYTR AF bashing","$CYTR","0.1409505577"
"719549796994814000","Out of $AMGN one year later I'm tired of waiting here","$AMGN","0.1640268245"
"8056516","was right to reject the offer","$WGO&","0.1796735646"
"8168244","Bot more $UNG puts","$UNG","0.1294561973"
"710580416634171400","right at the top of thre cloud","$AAPL","0.2279834308"
"5350721","Buying $TZA calls","$TZA","0.2481319045"
"19869247","closed Friday with the RS line in new highs","$NDX","0.2769819379"
"15208067","Rising steel demand and higher prices in both steel and coal Cash Magnet","$CLF","0.1664721618"
"719849703106551800","Pie In The Sky","$ATVI","0.2469975206"
"710232348738986000","Fed cuts rates forecast Our calls go 100%","$FB","0.2896416376"
"10932475","Adding to the Puts","$AAPL","0.224960314"
"9739175","anyone who stayed long $AAPL made plenty $","$AAPL","0.159415677"
"35161526","Like this one a lot.","$OPK","0.2474171012"
"709777793798656000","Unusual Call Activity","$HTZ","0.2848289656"
"15479707","Actually lost .03c per share","$BBRY","0.1065008012"
"719532032305573900","Our updated #core4 portfolio","$ULTA","0.286628478"
"36961143","Dips being bought up real quick","$AAPL","0.232439223"
"719614954500857900","Highest call to put ratio","$CFG","0.2458534384"
"5898485","Downside breakout looks to be coming soon","$ACOM","0.202346614"
"719540521576882200","Equities recently tagged #undervalued","$AMZN","0.2376879569"
"719869785249460200","maintains Neutral rating at JP Morgan PT cut","$TRIP","0.1814437771"
"719656300863299600","heapest #stock by PE in Television Services industry PE 8.18 vs.avg. 26.864779","$VIAB","0.1800066201"
"24946705","hell yeah ill take that fill all day long baby","$ACRX","0.11348631"
"719545628985004000","Pot. cont. Uptrend LONGERTERM","$NFLX","0.2170158091"
"711022398322008000","Break out confirmed Bought Leaps","$ISRG","0.1953899682"
"30800444","Perfect buy there","$DNKN","0.2363948784"
"35143213","Long $GPRO for a brealout trade","$GPRO","0.2528371769"
"719623898627616800","Digital Strategy To Drive Significant Growth With Customer Loyalty","$SBUX","0.1326490048"
"5849433","Double bottom handle buy point","$IP","0.2208352387"
"719503915591413800","stock options trade would have more than doubled your money","$BBBY","0.2044408507"
"27783065","This company's tech works you better load up while you can","$RXII","0.2183708384"
"710221245716021200","Report: Apple signs up for Google's cloud","$GOOG","0.1853707281"
"709738392968364000","run Forest run!!","$AAPL","0.2476831782"
"719950370294792200","Aggressive Buy","$ITC","0.3175024021"
"719859934662365200","A year after its launch, itÃ¢â‚¬â„¢s now clear that pretty much no one needs an $AAPL Watch","$AAPL","0.1428969342"
"35243913","bullish reversal setup and breakout","$ENB.CA","0.2996328993"
"719530483898421200","$NFLX holding it's gain","$NFLX","0.166314124"
"5679790","Worst performers today  $EK -10%","$EK","0.0025208727"
"15256814","My guess is that $AAPL buys back after catch the pinners off guard","$AAPL","0.117292195"
"719652260322476000","Today's losers","$BLUE","-0.014094737"
"5481072","bearish outside day","$SDS","0.0198473198"
"719571578892206100","Commodity Channel Index Indicator signaled a Oversold","$FB","0.1815509793"
"709382760092160000","can't get back above $212.20","$TSLA","0.1628507098"
"719914922310643700","launching shopping bot catalyst2016 #catalyst2016","$EBAY","0.2402591087"
"719519768349249500","yeah lets go down","$TSLA","0.1062409942"
"719612808913006600","held below double TOP","$FB","0.1860293952"
"709580205204099100","above its lower Bollinger Band","$REGN","0.1520718242"
"37400198","Heeeeeere comes the pump! So glad I picked up 9K end of day! Get ready for the bull ride!","$FREE","0.1878646512"
"719547552874512400","Airplane And Hospitality Industries Set Their Sights On #Cuba","$AAL","0.3003974635"
"708355634857529300","Sector Stocks Leading Today","$LNC","0.3064041076"
"710145820939706400","Impressive numbers","$ADBE","0.3194412438"
"35596867","trying to break >50-Day SMA","$XLU","0.1882617797"
"26722177","still holding from 226 yday","$RXII","0.2181013949"
"5670556","","$TZA","0.1476275236"
"38242955","Hopefully will pull back","$CPIX","0.1646031144"
"6190411","looking for a healthy pull back, but longterm target 8","$MU","0.2183898296"
"36657723","lost huge but still hopeful","$PAL","0.1463384777"
"8301393","rejected the hod should head lower","$AAPL","0.124104405"
"33349961","short/put positions looking good here Wait for market downturn to confirm","$AMZN","-0.0075991572"
"13998560","shorting this pig","$SPY","0.1234050891"
"710211237058093000","Oil To Break Out Adding Chevron","$CSCO","0.369662409"
"37081094","till failing to close above the 10D MA continues to stand out weak","$XLE","0.1097660193"
"719545488702177300","Five Stocks that Helped Starboard ValueÃ¢â‚¬â„¢s Equity Portfolio Return 6.5% in Q1","$M","0.2673216465"
"16084152","Active puts","$AAPL","-0.0086402467"
"719869647907110900","Deutsche Bank cuts $SBUX","$SBUX","0.1283822865"
"708355634857529300","Sector Stocks Leading Today","$DHI","0.3088808526"
"24943436","Breakout today after reporting earnings last night","$FTI","0.2377361418"
"709779449663721500","Short Setups Looking Nice....Really Nice","$AMGN","-0.071178964"
"7043040","Sold Jan 2013 $580 puts on the lows of the pull back","$AAPL","0.0928683853"
"711720585143967700","orgetting the potential relative value of its users","$FB","0.2233909238"
"5359914","Letting the calls ride solo now","$TZA","0.2271475092"
"719555610497273900","$AMZN +1.28%","$AMZN","0.2554575859"
"5514207","$SLW +1.68%","$SLW","0.2166272183"
"719905344957222900","Google, IBM, ARM And AMD Begin The Assault On Intel's Server Franchise","$IBM","0.2646801675"
"5853626","buy not the end of the world","$AAPL","0.1698192706"
"719497506808328200","$INTU  ises as a Cloud Software Company.","$INTU","0.2357659161"
"7678713","Sorry Longs, Correction mode","$QCOM","0.226594616"
"12248515","LONGS","$GE","0.3534012854"
"719891827529281500","finally some nice downside move  looking for the 31 handle to break","$INTC","0.1985957933"
"12319255","Take a shot from","$UVXY","0.2125990921"
"21130209","Relief rally becomes belief rally?","$SPY","0.2839859167"
"13134473","Its time to buy","$AAPL","0.1155443157"
"19388705","new 'large player sells'","$GA","0.0081092857"
"31143613","Largest Online Gaming Market","$NQ","0.1996180113"
"719544293606735900","Notable gainers among liquid option names this morning","$WDC","0.3313700493"
"9099325","i see a big down day in the near future","$AAPL","0.1339615306"
"12248515","LONGS","$SWHC","0.3534012854"
"21985811","Hope they Crush it!","$DDD","0.169335901"
"19639364","China winners","$CTRP","0.3238179907"
"21382309","Downbeaten stocks may be ripe for buys","$AA","0.2254167745"
"30827588","With Oil Prices Down further, Oil Stocks Looking Less Cheap","$AREX","0.0027867648"
"5285681","still in","$TZA","0.250026196"
"719884784672120800","upper trend line is the approximate position of the 200dma Bias is up","$AAPL","0.187707446"
"35898170","Wow! Biocept is among the best under 5 stocks.","$BIOC","0.2024095388"
"14631536","up 33% since 6/25 buy signal","$OSUR","0.1640400273"
"5983670","Increases Annual Dividend","$LNT","0.1982384649"
"25816362","all on a longer-term, technical swing long basis.","$TWTR","0.358290158"
"719528411430051800","may feed off $TSLA momentum run lately.","$TSLA","0.2106870734"
"709741154393133000","overbought","$CVX","-0.0167392644"
"5462494","The support is now at","$SPY","0.2136890778"
"38960261","looks set to fall further","$MCD","0.0577530989"
"8658550","pretty steady accumulation off support","$AGU","0.2080763502"
"709834259687710700","Biggest Market Losers","$ZYNE","-0.0570590679"
"719536774821867500","Buy Call!","$MINE","0.2189599237"
"30506310","Closes Near Key Support Zone","$GPRO","0.1557832961"
"719869800726544400","Alibaba invests in Southeast Asian retailer Lazada $BIDU","$BIDU","0.1127168053"
"21272771","getting their wings clipped today","$NFLX","0.1296113374"
"15852778","staying above the open a very good sign!!!","$RNN","0.2352281256"
"719520125582504000","downgrade","$MFA","-0.1002221629"
"14308451","AWFUL, down from","$SLV","0.0815930226"
"9430169","getting killed on $CSCO calls","$CSCO","0.1376741015"
"22514242","support - hope it holds or look out","$ATRS","0.1352745179"
"719609780000657400","$OASM is 'grossly undervalued","$OASM","0.1304930661"
"8054825","is a thumb down so far No like It was supported by the IPO maker","$FB","0.1573030592"
"5426139","could possibly even see425","$AAPL","0.1414875775"
"5540055","Putting on a little $F short","$F","0.18824673"
"719540521576882200","Equities recently tagged #undervalued","$GPRO","0.2376879569"
"719847471036375000","$NFLX higher than I expecte","$NFLX","0.2150563261"
"8896901","short doesn't move upward w/ conviction","$AAPL","0.0508549358"
"7867073","Failed breakouts & failed setups Limping on crutches into next week","$HLF","-0.0171149387"
"33983714","long April $44 calls","$XLU","0.2723582706"
"7817758","Sell signal hit at it will go down for the next 5 min","$AAPL","0.1055027812"
"5684290","Revenues $328.1M vs $328.18M Est","$FIX","0.1947569926"
"29960476","$QQQ  watch for a close near HOD","$QQQ","0.2145826914"
"5819749","short worked puts up 50%","$LNKD","0.0952998124"
"719909604654624800","Most bullish stocks on Twitter during this dip","$GOOGL","0.2988293368"
"19135590","This stock is just consolidating through accumulation Will be funny to see shorts get creamed","$NQ","0.2197515248"
"8870370","put money in $hznp better option, because drug already make money","$HZNP","0.1374787676"
"8307465","Be cautious here if u are late to the party","$ARNA","0.0989752691"
"709818213618442200","now Long","$ENDP","0.1942189716"
"10932475","Adding to the Puts","$AMZN","0.2232686264"
"719571725420269600","Yahoo's getting lots of attention","$YHOO","0.2199766007"
"11781180","all going down","$COMPQ","-0.1086688989"
"719473167945732100","Monday sold","$ACET","-0.0422524286"
"719627739347755000","Windows 10 is awful","$MSFT","0.1808845764"
"719665168431456300","Breakout watch","$NLSN","0.3183498809"
"34366754","Looking good","$PLUG","0.1539049566"
"7800016","should reward better on good earnings","$SU","0.2310397431"
"719904304207962100","record number of passengers served in 2015","$ALK","0.3831269962"
"710541213422776300","breaking 759, eyes on 755 next buy target is 737.5 on down to 732","$GOOGL","0.1591215832"
"30800471","Worst stock of 2015.","$JCP","0.0941489468"
"719904304207962100","record number of passengers served in 2015","$DAL","0.3827185381"
"719535349379285000","Long buying point","$NFLX","0.2739191014"
"7867073","Failed breakouts & failed setups Limping on crutches into next week","$SBH","-0.0171149387"
"719535349379285000","Long buying point","$AAPL","0.2794277946"
"7820993","Chinese ADR's are heading higher","$YOKU","0.1066179657"
"719530996681568300","Another Sell Rating","$BLUE","-0.05774493"
"12767826","Institutions seem to like this class of stocks","$SPN","0.2979422211"
"13673151","people think it's safe from the market drops......NOT!!","$AAPL","0.1093235961"
"710117230718148600","$AAPL is losing","$AAPL","0.1425779197"
"719596613874745300","bear flag on hr chart! get ready to buy tha DIP","$FB","0.1743723501"
"26491756","Balance sheet value is penney stock","$PLUG","0.2509752495"
"719551394798268400","Watchlist Top Stocks","$APC","0.305345447"
"711874109286711300","upgraded to Buy @ Argus","$TSLA","0.2526368833"
"719607788364832800","weekly still under the 50 moving average creating a lower high","$AAPL","0.2231825715"
"719572485251973100","tock still green","$TSLA","0.1901328015"
"719699054645612500","Bottom Losses","$CWEI","-0.1399123643"
"22409313","Buy the dip'","$LF","0.2519031368"
"8063870","It's like Christmas in May","$FB","0.1785397441"
"719683753916899300","FB's a glorified scrapbook","$FB","0.1359849284"
"27018625","Going lower Forget about it or go short","$SLV","0.0705674839"
"719872154641244200","Slips on Downgrade","$MT","0.1427551658"
"5359658","market tanking scaling down longs now","$FIO","0.00662352"
"710594321481801700","#oversold","$ICLR","0.3008739013"
"17919593","Looks like good entry for $QIHU here.","$QIHU","0.1816712207"
"711956003999211500","91 now support","$IBB","0.1478511061"
"9182739","Tensions grow between China and Japan","$EWH","0.1937452103"
"719517217247735800","In Play Longs","$SA","0.2963696959"
"719699054645612500","Bottom Losses","$CTRP","-0.1304078874"
"13946775","chart shows distinctive down channel  not a dip","$SPY","0.0969251001"
"14898527","churning in high volume Lot's of sellers trying to get out","$FB","0.2050600025"
"17807004","if u think pandora is the game changer please check spotfy...","$P","0.1601345382"
"9655994","support at 12.50","$AMRN","0.2438698391"
"719909604654624800","Most bullish stocks on Twitter during this dip","$STZ","0.3060919177"
"14374679","it's ok if you short or go long everyone can win when a stock moves around","$MCP","0.1308064962"
"719520383699824600","Pivotal sees 27% upside for Alphabet","$GOOGL","0.2173527921"
"719572927562297300","recalls","$TSLA","0.0100620393"
"719559558494969900","breaking out here on good vol and a parser buy signal","$CTRP","0.1386342042"
"719699054645612500","Bottom Losses","$OASM","-0.1399123643"
"719508490616762400","$FB +34% vs. +5.7%","$FB","0.1985903981"
"6132955","This is too easy, just sell the open every day","$AAPL","0.1720681936"
"719627436447535100","ended the day down","$JJSF","0.0827855722"
"719614954500857900","Highest call to put ratio","$INVA","0.2458534384"
"30091485","Intraday B/O on bull flag $JNUG","$JNUG","0.2707625461"
"10698860","Google, Inc. completes acquisition of ICOA","$GOOG","0.1676639764"
"35960005","I can play the 4/30 announcement sell off","$TSLA","0.1410202443"
"719884293732847600","No break out yet, either direction","$AMZN","0.1382322309"
"38651699","Go elsewhere","$SGYP","0.2223635354"
"9456018","Patents look strong and com","$AMRN","0.2224149995"
"5934720","back under darn those shorts","$FMCN","0.1365366637"
"710863854381563900","Unusual Call Activity","$CMG","0.2848289656"
"710541216698335200","Agree To Buy","$CSCO","0.1907788108"
"32381426","The Baltic Dry Index has only been lower than this 8 days in 30 years","$BDI","0.0537335715"
"719942280258322400","Had stalled @ 106.44 previously Looking to enter near $106.50","$NFLX","0.1978640561"
"13895720","c'mon bulls buy DIPS!","$SPY","0.2139710864"
"719607804538044400","No more buying","$EBAY","0.1820566923"
"13116484","THIS STOCK HAS A VERY VERY VERY VERY VERY HIGH PROBABILITY OF RALLYING","$VOLC","0.2406006202"
"709948124849115100","picked up $CALM target 57 and $GILD target 115  has great upside potential","$GILD","0.2653447242"
"719585827374895100","SELL SELL SELL SHORT SELL THESE IDIOTS LEAVE EM HOLDING THE BAG GOING TO END UP LIKE $VRX WORTHLESS BLOATED POS","$VRX","0.0950420918"
"15715060","A breakout above $29.83 would constitute a technical entry for the short term trader","$YHOO","0.1752508763"
"719890047135281200","red $AAPL dragging down $QQQ","$QQQ","0.0009121009"
"30403288","strong move today for the Junior Gold Miners keep an EYE out for a gap fill","$GDX","0.2900591424"
"19639364","China winners","$BIDU","0.3239759657"
"7678713","Sorry Longs, Correction mode","$AAPL","0.2290960821"
"711188520115818500","so I can short","$TSLA","0.0238983276"
"9564221","more good news coming so i'll hold my thirty large","$ANTH","0.1574801759"
"25735517","Nice to see them turn the corner!","$PLUG","0.2087769283"
"719551384249634800","Crazy how CEO Marissa Mayer would receive multiple millions of dollars for failing to turn $YHOO around","$YHOO","0.1134779104"
"719630671220777000","Drugs and Biotech Getting Perky","$MRK","0.2342262914"
"7867073","Failed breakouts & failed setups Limping on crutches into next week","$MNST","-0.0123382751"
"5576283","I'm still bullish","$AAPL","0.1694364802"
"710511181027536900","hit my short term target of the 100 SMA","$AAPL","0.0916482403"
"9298895","Next long I'm eyeing is","$NSM","0.1669728041"
"26037247","maybe a new buy program","$SPY","0.2719735819"
"711907079296933900","Unusual call buying","$DVN","0.2859827528"
"24228488","Ascending triangle gives a bullish bias to this chart Breakout above 84 will be positive","$TROW","0.1805195604"
"719493174167625700","Iraq Boosts Oil Production to Record","$SPX","0.1613236547"
"719680445550587900","Reasons for caution about Chinese stocks","$DANG","0.0378983328"
"709779449663721500","Short Setups Looking Nice....Really Nice","$HRTX","-0.071178964"
"719536774821867500","Buy Call!","$ANPPF","0.2183096623"
"11041345","who the hell would touch this right now?","$AAPL","0.1519851158"
"719877375102570500","misses by $0.01 misses on revenue","$FAST","0.1645644292"
"710232349779300400","$AAPL using $GOOGL for cloud","$AAPL","0.1306809957"
"719849703106551800","Pie In The Sky","$AMZN","0.2469975206"
"37516896","Today's Strong And Under The Radar Stock","$MATW","0.2306412875"
"8108130","I went long and short in the same acct","$AAPL","0.1322501609"
"38428783","Synergy Pharma Soars 67% Today On Positive Phase 3 Results","$SGYP","0.1680252112"
"709777793798656000","Unusual Call Activity","$ASHR","0.2734475923"
"6307787","tight pattern here","$AMT","0.0860637245"
"29695868","Moved Upper Bollinger Band","$TXN","0.335647524"
"8412634","breaking","$AMZN","0.0235589898"
"709398151283793900","68 Calls BUYING Activity","$TRIP","0.2621074147"
"6495505","Could be some technical sellers shorts getting back in the game","$SINA","0.170625483"
"710863854381563900","Unusual Call Activity","$C","0.2848289656"
"5350721","Buying puts tomorrow","$TNA","0.1338536883"
"719881403970818000","good opportunity to BUY","$SBUX","0.2289282835"
"719862035396169700","Today after the close $CSX","$CSX","0.1656763349"
"719530610193137700","breaking out","$CTRP","0.1116482508"
"32430292","seems a very strange market the way Oil is controlling the markets","$SPY","0.1987920864"
"15804408","Any suggestion what puts to buy","$AAPL","0.1576924916"
"15526518","Anyone know what's up with this big sell off?","$CYBX","0.0522066152"
"38895736","3 Top Japan ETFs To Surge Higher In 2H","$ITF","0.2734674972"
"719593062406598700","Closed Buy","$FB","0.3264990109"
"8701834","bear raid in effect","$VVUS","0.1158372537"
"5662488","There is massive short squeeze opportunity here","$GMCR","0.0991750244"
"31795627","teel Revenue Rises 36% on Auto Sector Demand","$AKS","0.1558105907"
"6178538","The Best Stocks for 2012","$CAT","0.2944772622"
"6202274","Board To Assess Alibaba-Softbank Proposal Further","$YHOO","0.2037694898"
"7842859","picking up some speed","$SDS","0.2557536732"
"39047416","Stock is Ripping","$COWN","0.1631603732"
"20249627","in from 3.61","$ACAD","0.2830317195"
"719584100227526700","Whole Foods Market is slated to open doors on May 25","$WFM","0.1727027168"
"33172382","both 1m/6m trends turn bullish today","$BBRY","0.2335146476"
"11025416","CITI even reconfirmed it's 'Outperform","$ARIA","0.0928483847"
"5704419","Will homebuilders lead a sustained stock market rally?","$XHB","0.1777444174"
"13560345","Full bull call spread ranging","$AMRN","0.1706307359"
"6692038","Does not want to go down risk appetite still high","$JNK","0.0999970034"
"719781150554722300","Peter Smedley reiterates JD Sports Fashion BUY","$JD","0.2419500106"
"12767826","Institutions seem to like this class of stocks","$BHI","0.2988709718"
"719559500852662300","Time To Embrace Dividend Growth","$WYN","0.2320107248"
"708898404181475300","Nobody wants an electric car","$TSLA","0.1294183703"
"34060864","reak that HOD on volume we have a nice consolidation completed for another run","$KNDI","0.2063703894"
"719549030892744700","Stock Climbs as Barron's Sees 40% Upside","$AAPL","0.2340661752"
"29580219","tock is on its way to high Upgrades and more positive news expected","$ARIA","0.216606982"
"6206304","","$AAPL","0.1646176084"
"708351849796083700","Short Squeeze Ready To Upside w Crossing Important Technical Level","$JBLU","0.2441571775"
"719900573856829400","$NLSN launching a marketing cloud","$NLSN","0.0847344977"
"710857137585528800","addding tsla ss , added small vrx long $TSLA $VRX","$VRX","0.232062343"
"719536774821867500","Buy Call!","$LIFE","0.2189599237"
"30827588","With Oil Prices Down further, Oil Stocks Looking Less Cheap","$OIL","0.0027867648"
"26733780","who's buying here and why?","$GTAT","0.2266084487"
"719937548668256300","s Anglo American jumps 9%","$RIO","0.1975350243"
"13084809","Component supplier $CRUS falls for no sale.","$CRUS","0.1086956564"
"719535506980266000","Nice day rally!","$AMZN","0.327202203"
"10586814","nibbling on a small long buying off 13min charts","$AAPL","0.2872402775"
"8065304","posted buy pm at $4.40","$EFUT","0.215540892"
"708385672998989800","should fire Marissa Maye","$YHOO","0.1357595817"
"709420584979927000","SOMEONE is buying BIG here off the lows","$STX","0.228115003"
"18365036","looking good","$YELP","0.1631339155"
"8596164","Amazing run since middle of March","$SONC","0.2101289536"
"719875775097348100","to generate $895M in revenue","$FB","0.1811316811"
"18706410","could be lotto winners","$SRPT","0.1823523248"
"719523999282278400","piper Jeffries raises pt I remain long","$ILMN","0.2076096174"
"20312961","I can't understand the logic of shorting this now Oh well, it helps the price go up I guess","$GE","0.182812612"
"708399906990329900","Rally Friday! #new52weekhighs p over 31%","$T","0.3958718552"
"709893877566582800","ABC Bullish Pattern","$CHKP","0.1996877884"
"13523414","very nice pattern on the $AL weekly but that pre earnings action Thursday needs to be resolved before","$AL","0.2689360358"
"12767826","Institutions seem to like this class of stocks","$FTI","0.3004867162"
"719540465188675600","Lucrative E-Sports Opportunity","$SIRI","0.1791934155"
"719612962013634600","$V has some momentum","$V","0.2317523245"
"719533807897047000","over 225 million new Internet users are being added globally every year","$AMZN","0.2456994583"
"7399381","Equity indexes working on a positive engulfing for March","$SMH","0.2517324841"
"719545584995029000","Big year at $AMGN","$AMGN","0.1768404732"
"710491410789752800","$AMZN dropping ~$7B of market cap because they're losing $400M of $AAPL's business","$AMZN","0.1518627748"
"8067736","$GRPN having a much better day than $FB","$GRPN","0.1055262764"
"36925712","launching in Japan in the fall Think this will be one of fastest launches of any country to date","$NFLX","0.1718363198"
"719586430243090400","Added to nxpi","$NXPI","0.1508438666"
"710793306100228100","Going back in, but slowly","$TSE","0.1499450571"
"719515579372077000","Added long at friday close","$BLUE","0.3389073575"
"719535506980266000","Nice day rally!","$WMT","0.329514593"
"13132243","seriously nothing says strong growth like well played","$XLP","0.2078274166"
"7853493","fast 56pc dive","$SPY","0.1239603307"
"32370562","","$GDX","0.1590687908"
"16084152","Active puts","$LAMR","-0.0086402467"
"19034611","I wanted to get in this morning but missed it!","$ECA","0.1353085419"
"10561783","bot at 2.24","$KCG","0.2015516116"
"12134471","clearing new 52-week high from a good base","$OKSB","0.1892734063"
"18526288","short term consolidation then movement higher","$NFLX","0.0825490118"
"34332530","Come to the party and buy this gonna give solid gains and a dividend","$HCP","0.2377415943"
"719523139730993200","$FB still a dog going much lower this week","$FB","0.2106691583"
"719528176096030700","$KNDI China electric car maker. China car sales +7.8%.","$TSLA","0.2588815038"
"10892920","Holy green day batman luv it when a plan comes together","$WPRT","0.1996688008"
"8205873","went from 26 to 66","$GLD","0.1947428465"
"16915153","remember she can squeeze as market di","$JCP","0.1528518454"
"8784472","Needs to make a solid break thru current resistance","$AWAY","0.1305039705"
"21778536","Sometimes I question why I bother in sub $5.00 stocks Retail is so short sighted","$BAXS","0.1486880068"
"15249839","RSI lowest level since October 2012","$DIA","0.1585362984"
"719905644648632300","Announces Record #Esports Viewership","$ATVI","0.1887470534"
"37312789","huge buy in all these names","$NUE","0.3577365948"
"719602897479168000","decent handle Pretty tight for a month now","$GOOGL","0.1832125407"
"32199482","Sandbagged the guidance was cautiously optimistic","$GILD","0.1955403093"
"719486879842902000","$FB has 20 times the advertisers of $TWTR","$FB","0.1859554439"
"20276674","they are all poised to breakout.","$ARIA","0.2156567113"
"719903541167464400","","$INFI","0.1646176084"
"710115038011465700","$SDRL 3.69 long","$SDRL","0.2512897221"
"19869247","closed Friday with the RS line in new highs","$SOX","0.28243425"
"31015066","gonna start shorting every 10%","$UGAZ","0.1631852858"
"13279906","Large cap tech is finally trying to catch up with the rest of the market","$QQQ","0.2275156372"
"13451840","needs a rush of buyers i like it tho","$ALXA","0.16703444"
"719669537201725400","$JUNO got some good news today","$JUNO","0.1669175033"
"719915781719347200","has room to go","$ESRX","0.125654232"
"39047584","Dilution don't scare me!!!","$ETRM","0.0702997268"
"35950566","bumped up against resistance 3 times on 5min","$CLF","0.236780626"
"719493174167625700","Iraq Boosts Oil Production to Record","$NUGT","0.162292261"
"15530874","watch for momentum above","$NVDQ","0.2681418871"
"20795798","A 600% Yearly Return Is Not An Ordinary Occurrence","$TSLA","0.1626514203"
"719672950044106800","It's gonna short $TSLA at tomorrow's opening","$TSLA","0.0652832388"
"33674145","sign of a healthy advancing stock that stays above 20dma","$ATHX","0.2120992009"
"5887305","down big would be AWESOME","$SPY","0.0496807679"
"709019023921561600","n a great financial position","$ISRG","0.2576842227"
"21805951","it should start going up slowly from now on","$RNN","0.1997197138"
"719652260322476000","Today's losers","$ICPT","-0.014094737"
"5509901","breakout long through the 100 and 200 MA see it run","$T","0.2303410539"
"37476848","may have a lower entry point","$PX","0.1181576739"
"25145744","All my charts are flashing oversold.","$RAD","0.1046498099"
"5959915","long","$TSPT","0.3652697802"
"710554129844797400","Trims Its Stake","$MDLZ","0.108001284"
"708381020765052900","Up +13.26%","$JKHY","0.2486157356"
"719564967972765700","","$FB","0.1476275236"
"710496429974888400","5 Best Analyst Rated Stocks","$ORCL","0.2391524102"
"719908259893616600","Will still go down on lack of new products","$AAPL","0.1673890104"
"18405590","I think $JAZZ has plenty of room to run and lots of momentum to continue pushing it to new highs","$JAZZ","0.1280607606"
"9369557","dump it for minor loss","$ASTX","0.119931862"
"23526008","lots of nice setups in Energy  liking Whiting more each day $CRZO too","$WLL","0.2637777588"
"709439542089158700","Lets BURN!","$SPY","0.0838494611"
"25160682","beat up AH","$TWTR","0.2669516745"
"6929823","every time it jumps back in range","$SINA","0.1890321262"
"711987709972127700","Otherwise long","$AAPL","0.2626242399"
"28703227","A bottom right here?","$PRGN","0.2321834253"
"11107935","Accumulating","$ET","0.1419864298"
"710110155216584700","","$CHTR","0.1646176084"
"32648097","Elon MuskÃ¢â‚¬â„¢s Comparision Of $TSLA With $AAPL DoesnÃ¢â‚¬â„¢t Go Well","$AAPL","0.0892332418"
"709731726726193200","the most trending","$OUTR","0.2401246618"
"719611920110776300","Anyone else see an issue with this. No wonder $ebay stock sucks","$EBAY","0.1581232436"
"710863854381563900","Unusual Call Activity","$GOOG","0.2848289656"
"21856695","green, lol... make-up to cover ugliness","$RDEN","0.1935378743"
"709834259687710700","Biggest Market Losers","$ASPS","-0.057716062"
"710863854381563900","Unusual Call Activity","$CLF","0.2837277643"
"32427089","Quality Stocks With High Cash Returns","$PPC","0.2638775344"
"719517217247735800","In Play Longs","$HTS","0.2963696959"
"709834259687710700","Biggest Market Losers","$VRX","-0.057716062"
"719756644968763400","BMW Takes A Leap Ahead Of Tesla","$BAMXY","0.1162542334"
"8504139","Short interest increases yet again","$SPY","0.0723127008"
"719501877843349500","Netflix raising prices for 17m subscribers by $2.","$NFLX","0.1894033537"
"14024460","covered up last of it","$SCTY","0.2243643046"
"710143603524427800","looking for a sharp move up in equities","$HD","0.2823032939"
"719549796994814000","Out of $AMGN one year later I'm tired of waiting here","$REGN","0.1640268245"
"10573348","cash & cheap financing is fueling a wave of acquisitions","$TEA","0.2479227073"
"719623868495728600","Juniper tumbles on Q1 warning","$JNPR","0.1428891271"
"25969840","probably hit a near term high Momentum slowing after a huge run","$AAPL","0.1154918997"
"711745824884187100","","$TNET","0.1646176084"
"39050045","Decent pull back","$WX","0.1800652211"
"719901932169527300","Google, Baidu,Tesla On Fast Track To Create 'Robot Cars'","$GOOGL","0.2443463773"
"30919823","Cheaper oil will introduce more shipment and higher tanker rates.","$FRO","0.1919025797"
"9756290","aint bad iether","$WYNN","0.0982399776"
"709803667948318700","$AMZN up 5 points from yesterday's trade entry and alert","$AMZN","0.1952726672"
"38625785","What's behind this drop?","$AMBA","0.2010779219"
"16669526","pure garbage stock","$EBAY","0.1854172914"
"719581208120844300","whole Semiconductor space looks interesting","$SMH","0.2200657376"
"719528734299197400","Sells 109,000 Shares of Facebook","$FB","0.2517234806"
"719599233280512000","trails $MSFT $ORCL $GOOG $CRM $ADBE","$ORCL","0.1530745524"
"719582524142403600","short","$V","-0.1287511808"
"719880627412148200","how about a stock split?","$FB","0.1815681035"
"709418142645137400","calls for nice gains Still holding Week made in a morning","$FB","0.3177177252"
"719585625859428400","efficient but boring.","$GOOG","0.1410806855"
"16080172","buy point has changed to 319 from 318","$AMZN","0.1839015848"
"35904055","Ibio seems to be gaining big money Shorts will be hurting","$IBIO","0.1573963218"
"719572200051880000","I'm a buyer","$TSLA","0.1567600548"
"719599977480253400","Stocks Higher In Afternoon Trade","$UA","0.2529774815"
"709439542089158700","Lets BURN!","$AAPL","0.0838494611"
"31099441","Now I'm glad I got stopped out","$AAPL","0.1585757347"
"24462309","So far good $BBRY did not break coz I was told that is key support level","$BBRY","0.1934761262"
"34407013","all out for now","$QLYS","0.1875838485"
"710127113127530500","Covered Call","$SCTY","0.2462121266"
"32476166","I sold half of my $UGAZ Long here","$UGAZ","0.1884135551"
"12108658","over 100% upside left from here in next 6 mnths","$BIDU","0.2277781188"
"10310716","it's been a sinking ship","$HK","0.1849109321"
"709749425208320000","Jan-18 6 Put with a big print","$SYMC","0.1352235687"
"12248515","LONGS","$CLWR","0.3534012854"
"22695238","Future profits will be huge","$YELP","0.1435552224"
"31710623","Major pump and dump coming this week","$OCN","0.2164805083"
"6006891","biggest St50 gainers","$PKT","0.2545215613"
"30632010","wait a little longer before re-entering","$UGAZ","0.1770390281"
"17792845","possible double bottom set up","$GLD","0.2349056516"
"12105568","Short week next week","$TZA","0.1077655704"
"719939196627116000","Breaking 52 week highs timing looks great now","$IGE","0.2481918868"
"719599977480253400","Higher In Afternoon Trade Buy Point","$JPM","0.2573094291"
"708351849796083700","Short Squeeze Ready To Upside w Crossing Important Technical Level","$MGM","0.2388726484"
"5960438","buy area now","$AAPL","0.1589089892"
"719762401156034600","Begin The Assault On Intel","$INTC","0.2260455021"
"719585607215808500","Today I bought more","$YHOO","0.1976747786"
"719691311943536600","analysts conjuring up metrics to bring it down and boost their short positions.","$AAPL","0.1302851229"
"708433303922204700","Surges On Deal","$CMCSA","0.2674616279"
"13461331","If i had to pick one it would be","$STX","0.2082915119"
"34779026","This will be a rough climb to the top Many traders and bag holders looking to get out","$ISIS","0.1796739451"
"719599977480253400","Stocks Higher In Afternoon Trade","$AA","0.2570694053"
"24061441","bullish pennant/symmetrical triangle b/o in progress Long from $2.66","$ISR","0.2740661591"
"711377964647129100","Not sure we can see too much $TSLA up side thus week","$TSLA","0.1449528184"
"12824244","NO one Believes in Flyin' anymore","$PCLN","0.1673729808"
"23774048","In 73.24","$TNA","0.235668959"
"5542818","I am not optimistic fundementals and charts look like poopoo this quarter.","$AMZN","0.1261306805"
